year,report_code,report,cash,cff,cfi,cfo,cost_of_sales,current_assets,current_liabilities,debt,depreciation,gross_profit,intangibles_purchase,interest_expense,inventory,net_income,operating_profit,ppe_purchase,receivables,revenue,total_assets,total_equity,total_liabilities,ebitda,capex,fcf,net_debt,gross_margin,operating_margin,net_margin,ebitda_margin,avg_assets,avg_equity,roa,roe,current_ratio,debt_to_equity,equity_ratio,debt_dependency,interest_coverage,net_debt_ebitda,cfo_to_net_income,dso,dio,ccc,period_type
2016,11012,half-year,987448000000.0,211580000000.0,-2326760000000.0,1932535000000.0,2689117000000.0,8356317000000.0,3163858000000.0,4355375000000.0,1760564000000.0,1251810000000.0,2008361000000.0,219460000000.0,2010992000000.0,286132000000.0,452853000000.0,21190805000000.0,2470502000000.0,3940927000000.0,29329452000000.0,21700822000000.0,7628630000000.0,2213417000000.0,-23199166000000.0,-21266631000000.0,3367927000000.0,0.3176435391977573,0.11491027364881409,0.07260525252053641,0.5616488201887525,,,,,2.6411795346061675,0.35153645331960237,0.7398986520443682,0.14849834221246275,2.0634876515082476,1.52159624688886,6.753998154697832,113.4659084017542,135.3565322743488,248.822440676103,half-year
2017,11012,half-year,1326003000000.0,-22657000000.0,-5381034000000.0,6104122000000.0,2858804000000.0,12290962000000.0,5483352000000.0,4622063000000.0,2162731000000.0,3833474000000.0,2592444000000.0,199007000000.0,2424006000000.0,2468509000000.0,3050700000000.0,26078716000000.0,4257266000000.0,6692278000000.0,37501577000000.0,27763784000000.0,9737793000000.0,5213431000000.0,-28671160000000.0,-22567038000000.0,3296060000000.0,0.5728204955024283,0.45585374666145073,0.36885930321483956,0.7790218816373139,33415514500000.0,24732303000000.0,0.07387314057366975,0.09980910390754957,2.2415051960917336,0.3507372410043242,0.740336439718255,0.12324983026713783,15.329611521202771,0.6322247287822549,2.472797141918462,115.14242922962853,153.47155173981847,268.61398096944697,half-year
2018,11012,half-year,1187928000000.0,410215000000.0,-10364680000000.0,8168263000000.0,3762243000000.0,15695268000000.0,8727425000000.0,5415070000000.0,2408291000000.0,6608264000000.0,2822762000000.0,364340000000.0,3367788000000.0,4328543000000.0,5573918000000.0,37770280000000.0,7351385000000.0,10370507000000.0,53257080000000.0,40777676000000.0,12479404000000.0,7982209000000.0,-40593042000000.0,-32424779000000.0,4227142000000.0,0.6372170618080678,0.5374778687290795,0.41738971874759834,0.7697028698789751,45379328500000.0,34270730000000.0,0.09538578782627866,0.12630437110618886,1.798384746932801,0.30603519435487203,0.7656761504761432,0.10167793652975342,15.298671570511061,0.5295704484811159,1.8870698523729579,128.30623276181194,162.02292834354398,290.3291611053559,half-year
2019,11012,half-year,1128775000000.0,2241765000000.0,-4883483000000.0,1402561000000.0,4435389000000.0,14242750000000.0,7512771000000.0,10004576000000.0,2573593000000.0,2016812000000.0,2903490000000.0,476798000000.0,5588705000000.0,,637630000000.0,46942730000000.0,4802736000000.0,6452201000000.0,63032264000000.0,47710787000000.0,15321477000000.0,3211223000000.0,-49846220000000.0,-48443659000000.0,8875801000000.0,0.3125773670101102,0.09882364173093802,,0.49769419768541,58144672000000.0,44244231500000.0,,,1.8958051563131633,0.3211323468631947,0.7569264369117378,0.15872150808354274,1.3373168511612885,2.7639939674074334,,134.7284773056512,228.0646872236009,362.7931645292521,half-year
2020,11012,half-year,3918249000000.0,1138422000000.0,-5194269000000.0,5686029000000.0,5262329000000.0,17362825000000.0,9595472000000.0,13963918000000.0,3625550000000.0,3344205000000.0,3945785000000.0,273946000000.0,5814139000000.0,,1946715000000.0,45514628000000.0,5608420000000.0,8606534000000.0,69259297000000.0,49402876000000.0,19856421000000.0,5572265000000.0,-49460413000000.0,-43774384000000.0,10045669000000.0,0.3885658268473697,0.226190357233237,,0.6474458823958634,66145780500000.0,48556831500000.0,,,1.809481076074215,0.40192844238460934,0.7133031685262413,0.20161795751406486,7.10619976199689,1.8027981440222243,,117.94806364559764,199.97973501846803,317.9277986640657,half-year
2021,11012,half-year,2666351000000.0,1269270000000.0,,,5982227000000.0,20099557000000.0,9186924000000.0,15623447000000.0,3587156000000.0,4339444000000.0,4144840000000.0,216686000000.0,6226651000000.0,,2694574000000.0,50786441000000.0,6500214000000.0,10321671000000.0,77717897000000.0,54878014000000.0,22839883000000.0,6281730000000.0,-54931281000000.0,,12957096000000.0,0.4204206857591179,0.261059861334468,,0.6085962243904112,73488597000000.0,52140445000000.0,,,2.1878440487806365,0.41619368732986584,0.706118103015577,0.20102766033414415,12.435385765577841,2.0626636292868366,,113.98723462509123,188.3953636329748,302.382598258066,half-year
2022,11012,half-year,4546312000000.0,-743924000000.0,,,7466622000000.0,29719276000000.0,16869305000000.0,21299284000000.0,5048484000000.0,6344379000000.0,5393075000000.0,1814401000000.0,11878738000000.0,,4192617000000.0,68183243000000.0,9040032000000.0,13811001000000.0,104147622000000.0,66760160000000.0,37387462000000.0,9241101000000.0,-73576318000000.0,,16752972000000.0,0.4593714097913685,0.30357082734263796,,0.669111601686221,90932759500000.0,60819087000000.0,,,1.7617368350385507,0.5600265487680077,0.6410147319542255,0.2045105168123762,2.310744427499764,1.8128761929990809,,118.47409119729988,287.9550589275847,406.4291501248846,half-year
2023,11012,half-year,6040810000000.0,,,,8483761000000.0,29661132000000.0,19776433000000.0,32951401000000.0,3773021000000.0,-1177828000000.0,4034834000000.0,1312018000000.0,16420200000000.0,,-2882084000000.0,61683756000000.0,4487069000000.0,7305933000000.0,102819007000000.0,57459050000000.0,45359957000000.0,890937000000.0,-65718590000000.0,,26910591000000.0,-0.1612152753111752,-0.39448541343042703,,0.12194705316897923,103483314500000.0,62109605000000.0,,,1.499822136782705,0.789431029576716,0.5588368500777293,0.3204796657878635,-2.1966802284724753,30.204819195970085,,111.164376815391,350.32295228495946,461.48732910035045,half-year
2024,11012,half-year,7933829000000.0,-5032904000000.0,-5774579000000.0,11015501000000.0,8926794000000.0,35683696000000.0,23354170000000.0,28389868000000.0,3839880000000.0,7496464000000.0,4097519000000.0,1312751000000.0,13354938000000.0,,5468536000000.0,58398112000000.0,10223675000000.0,16423258000000.0,105624349000000.0,59830020000000.0,45794329000000.0,9308416000000.0,-62495631000000.0,-51480130000000.0,20456039000000.0,0.4564541335221063,0.3329751015297939,,0.5667825470439544,104221678000000.0,58644535000000.0,,,1.5279368095719095,0.7654072153076332,0.5664415503285137,0.26878147196911956,4.165706977179983,2.197585389393856,,112.67466997108612,270.78520888910396,383.4598788601901,half-year
2025,11012,half-year,9075311000000.0,,,,10248628000000.0,45203170000000.0,25324404000000.0,24670905000000.0,3945141000000.0,11983324000000.0,4405578000000.0,2172268000000.0,13408333000000.0,,9212851000000.0,75088672000000.0,13125210000000.0,22231952000000.0,129087781000000.0,87142485000000.0,41945296000000.0,13157992000000.0,-79494250000000.0,,15595594000000.0,0.5390135782948794,0.4143968554807963,,0.5918505041752519,117356065000000.0,73486252500000.0,,,1.7849648110178624,0.48134151786008855,0.6750637769503529,0.1911172754607967,4.241120800932482,1.18525638258482,,106.85804872194758,236.80323580873463,343.6612845306822,half-year
2026,11012,half-year,26835986000000.0,,,,13327390000000.0,,830349000000.0,21400324000000.0,4283131000000.0,65991356000000.0,4948311000000.0,3640903000000.0,17985706000000.0,,60542608000000.0,107217982000000.0,47821395000000.0,79318746000000.0,348862214000000.0,262693228000000.0,86168986000000.0,64825739000000.0,-112166293000000.0,,-5435662000000.0,0.8319767939851193,0.7632824654086185,,0.8172814406319535,238974997500000.0,174917856500000.0,,,,0.32802134511057895,0.7529999451301997,0.06134319837802784,16.628459478321723,-0.0838503669044174,,109.12518076117844,244.26484000243107,353.3900207636095,half-year
