year,report_code,report,cash,cff,cfi,cfo,cost_of_sales,current_assets,current_liabilities,debt,depreciation,gross_profit,intangibles_purchase,interest_expense,inventory,net_income,operating_profit,ppe_purchase,receivables,revenue,total_assets,total_equity,total_liabilities,ebitda,capex,fcf,net_debt,gross_margin,operating_margin,net_margin,ebitda_margin,avg_assets,avg_equity,roa,roe,current_ratio,debt_to_equity,equity_ratio,debt_dependency,interest_coverage,net_debt_ebitda,cfo_to_net_income,dso,dio,ccc,period_type,quarter
2015,11011,quarterly,1175719000000.0,-1462257000000.0,-7125530000000.0,9319520000000.0,10515353000000.0,9760030000000.0,4840698000000.0,3818595000000.0,1704896000000.0,8282645000000.0,2328639000000.0,829913000000.0,1923376000000.0,4323595000000.0,5336100000000.0,23740877000000.0,2628448000000.0,18797998000000.0,29677906000000.0,21387703000000.0,8290203000000.0,7040996000000.0,-26069516000000.0,-16749996000000.0,2642876000000.0,0.44061314401671925,0.2838653350213145,0.23000295031417708,0.3745609505863337,,,,,2.0162443515377326,0.3876153975020132,0.7206607838167558,0.12866793903855617,6.429710102143237,0.3753554184663647,2.155502538975089,12.724161796378528,16.644920622255857,29.369082418634385,quarterly,Q4
2016,11011,quarterly,613786000000.0,-18370000000.0,-2601142000000.0,1979763000000.0,7994851000000.0,9838982000000.0,4160849000000.0,4335978000000.0,109925000000.0,4959479000000.0,264706000000.0,603112000000.0,2026198000000.0,2362732000000.0,2550790000000.0,2244426000000.0,3251652000000.0,12954330000000.0,32216026000000.0,24023530000000.0,8192496000000.0,2660715000000.0,-2509132000000.0,-529369000000.0,3722192000000.0,0.38284334272787557,0.19690636258301278,0.18238936324765542,0.20539194230809313,30946966000000.0,22705616500000.0,0.0763477750936877,0.1040593634618994,2.3646573091212875,0.34101965864300543,0.7457012233600755,0.1345907158133036,4.229380280942843,1.3989442687397937,0.837912636727314,22.841809032192327,23.062846074304574,45.904655106496904,quarterly,Q4
2016,11012,quarterly,987448000000.0,-403574000000.0,-856092000000.0,1282836000000.0,351445000000.0,8356317000000.0,3163858000000.0,4355375000000.0,25050000000.0,-66235000000.0,143196000000.0,-73004000000.0,2010992000000.0,-161894000000.0,-108945000000.0,1874786000000.0,2470502000000.0,285210000000.0,29329452000000.0,21700822000000.0,7628630000000.0,-83895000000.0,-2017982000000.0,-735146000000.0,3367927000000.0,-0.23223239016864766,-0.3819816976964342,-0.5676308684828723,-0.2941516777111602,30772739000000.0,22862176000000.0,-0.005260955159045153,-0.007081303197036013,2.6411795346061675,0.35153645331960237,0.7398986520443682,0.14849834221246275,-1.4923154895622157,-40.14454973478753,-7.9239255315206245,788.2461414396411,520.7081392536528,1308.9542806932939,quarterly,Q2
2016,11013,quarterly,946946000000.0,615154000000.0,-1470668000000.0,649699000000.0,2337672000000.0,9163101000000.0,4251605000000.0,4381352000000.0,1735514000000.0,1318045000000.0,1865165000000.0,292464000000.0,2193908000000.0,448026000000.0,561798000000.0,19316019000000.0,2266364000000.0,3655717000000.0,29797655000000.0,21464689000000.0,8332966000000.0,2297312000000.0,-21181184000000.0,-20531485000000.0,3434406000000.0,0.3605434994010751,0.15367655647305303,0.12255489142075275,0.628416258698362,29563553500000.0,21582755500000.0,0.01515467347320071,0.020758517141150026,2.1552098560426005,0.38821741139599086,0.7203482623045337,0.1470368054130434,1.920913343180699,1.4949671616219302,1.4501368224165563,56.4155059048608,85.40361008730054,141.81911599216133,quarterly,Q1
2016,11014,quarterly,1214703000000.0,-76334000000.0,-1302549000000.0,1636624000000.0,103171000000.0,8228379000000.0,2974257000000.0,4148771000000.0,45102000000.0,199547000000.0,172899000000.0,23756000000.0,1995002000000.0,311619000000.0,273103000000.0,1298525000000.0,2313000000000.0,302718000000.0,29166995000000.0,22004580000000.0,7162415000000.0,318205000000.0,-1471424000000.0,165200000000.0,2934068000000.0,0.6591844554998382,0.9021696760681558,1.0294036033536162,1.0511598253159706,29482325000000.0,21734634500000.0,0.010569688788112878,0.014337439168806818,2.7665326163811668,0.3254965557170371,0.7544342500830133,0.1422419759046141,11.49616938878599,9.220684778680411,5.252003247555509,695.3104869878897,1759.6532165046378,2454.9637034925277,quarterly,Q3
2017,11011,quarterly,2949991000000.0,10393000000.0,-2870516000000.0,4786534000000.0,9303686000000.0,17310444000000.0,8116133000000.0,4171270000000.0,10346000000.0,12705663000000.0,173012000000.0,1090081000000.0,2640439000000.0,7586690000000.0,9984133000000.0,4361075000000.0,5552795000000.0,22009349000000.0,45418464000000.0,33820919000000.0,11597545000000.0,9994479000000.0,-4534087000000.0,252447000000.0,1221279000000.0,0.5772848165568186,0.4536314545241661,0.34470306232137987,0.4541015274917945,37292729500000.0,27912749500000.0,0.20343616843599502,0.2718001678766902,2.132843806280651,0.3429104040608713,0.7446513162576348,0.09184084252607046,9.159074417405678,0.1221953640604978,0.6309120314656326,22.958622947003114,25.826317547690238,48.78494049469335,quarterly,Q4
2017,11012,quarterly,1326003000000.0,-200192000000.0,-3984367000000.0,3284102000000.0,-126018000000.0,12290962000000.0,5483352000000.0,4622063000000.0,160112000000.0,528778000000.0,395528000000.0,-268242000000.0,2424006000000.0,569831000000.0,583101000000.0,4204242000000.0,4257266000000.0,402760000000.0,37501577000000.0,27763784000000.0,9737793000000.0,743213000000.0,-4599770000000.0,-1315668000000.0,3296060000000.0,1.3128860860065548,1.4477629357433708,1.414815274605224,1.8452999304796902,41460020500000.0,30792351500000.0,0.013744108013646544,0.01850560195118583,2.2415051960917336,0.3507372410043242,0.740336439718255,0.12324983026713783,2.173787102690854,4.434879368364117,5.763291221432319,961.8909673254543,1750.4209398657335,2712.311907191188,quarterly,Q2
2017,11013,quarterly,2162786000000.0,177535000000.0,-1396667000000.0,2820020000000.0,2984822000000.0,10841409000000.0,5167516000000.0,4343396000000.0,2002619000000.0,3304696000000.0,2196916000000.0,467249000000.0,2040563000000.0,1898678000000.0,2467599000000.0,21874474000000.0,3452210000000.0,6289518000000.0,34319500000000.0,25168919000000.0,9150581000000.0,4470218000000.0,-24071390000000.0,-21251370000000.0,2180610000000.0,0.5254291346332104,0.39233515191466184,0.3018797306884248,0.7107409502604174,35910538500000.0,26466351500000.0,0.052872445786353216,0.07173931775220321,2.097992342936142,0.36356670701669785,0.7333707950290651,0.12655767129474496,5.281122056976045,0.48780842455558093,1.4852544770624614,49.948360112809915,62.21182804200719,112.1601881548171,quarterly,Q1
2017,11014,quarterly,1123119000000.0,-339642000000.0,-3667612000000.0,3799958000000.0,539353000000.0,14557910000000.0,5642787000000.0,4303538000000.0,74213000000.0,868454000000.0,266745000000.0,-39471000000.0,2557403000000.0,587020000000.0,686493000000.0,2751113000000.0,5260576000000.0,1407807000000.0,40730453000000.0,30904498000000.0,9825955000000.0,760706000000.0,-3017858000000.0,782100000000.0,3180419000000.0,0.6168842746200296,0.4876328928610243,0.4169747699791236,0.5403482153448591,37524976500000.0,28036708500000.0,0.01564344750489051,0.02093755049741306,2.579914854131478,0.31794578899162185,0.758756550043772,0.10565897708036785,17.392338679030175,4.180878026464889,6.473302442846922,340.0412244007879,431.48674986511617,771.527974265904,quarterly,Q3
2018,11011,quarterly,2349319000000.0,296050000000.0,-7256035000000.0,6970682000000.0,11309214000000.0,19894146000000.0,13031852000000.0,5281937000000.0,209583000000.0,17719064000000.0,529363000000.0,890135000000.0,4422733000000.0,10847791000000.0,14371330000000.0,7971583000000.0,6319994000000.0,29028278000000.0,63658335000000.0,46852331000000.0,16806004000000.0,14580913000000.0,-8500946000000.0,-1530264000000.0,2932618000000.0,0.6104069969289946,0.49508034889289676,0.3736973650314359,0.5023003086852069,52194394000000.0,38878414500000.0,0.20783440842324943,0.2790183483433976,1.5265785707204165,0.35870155531856035,0.7359968023040502,0.0829732194535091,16.14511281996551,0.20112718593136109,0.6425899982770685,19.812386184257985,35.587681248228215,55.400067432486196,quarterly,Q4
2018,11012,quarterly,1187928000000.0,711220000000.0,-6655228000000.0,3644687000000.0,379029000000.0,15695268000000.0,8727425000000.0,5415070000000.0,103439000000.0,1271787000000.0,325684000000.0,51062000000.0,3367788000000.0,1207214000000.0,1206580000000.0,6088288000000.0,7351385000000.0,1650816000000.0,53257080000000.0,40777676000000.0,12479404000000.0,1310019000000.0,-6413972000000.0,-2769285000000.0,4227142000000.0,0.7703990026750407,0.7308991432115995,0.7312831957044273,0.7935584583624099,58457707500000.0,43815003500000.0,0.02065106641412512,0.027552525472239207,1.798384746932801,0.30603519435487203,0.7656761504761432,0.10167793652975342,23.629705064431477,3.226779153584795,3.0190894075118413,405.23961180410174,808.5626904537647,1213.8023022578664,quarterly,Q2
2018,11013,quarterly,3477358000000.0,-301005000000.0,-3709452000000.0,4523576000000.0,3383214000000.0,17632878000000.0,9352773000000.0,3866709000000.0,2304852000000.0,5336477000000.0,2497078000000.0,313278000000.0,3103142000000.0,3121329000000.0,4367338000000.0,31681992000000.0,5574098000000.0,8719691000000.0,49125123000000.0,36378486000000.0,12746637000000.0,6672190000000.0,-34179070000000.0,-29655494000000.0,389351000000.0,0.612002994142797,0.5008592620999988,0.3579632581016919,0.7651865186507183,51191101500000.0,38578081000000.0,0.06097405425042476,0.08090938997198953,1.8853101641620085,0.35038943072012396,0.7405271229549899,0.07871143650876966,13.940774647437738,0.058354303459583735,1.449246779176434,58.17212077813308,83.46676326120665,141.63888403933973,quarterly,Q1
2018,11014,quarterly,2340357000000.0,-2101582000000.0,-3808034000000.0,7088254000000.0,109381000000.0,17700533000000.0,10002009000000.0,4977378000000.0,60896000000.0,936900000000.0,259784000000.0,-112341000000.0,3686740000000.0,363650000000.0,898502000000.0,5246900000000.0,7711347000000.0,1046281000000.0,57377252000000.0,43488826000000.0,13888426000000.0,959398000000.0,-5506684000000.0,1581570000000.0,2637021000000.0,0.8954573388984413,0.8587578289197644,0.3475643732419876,0.9169601665327001,53251187500000.0,39933656000000.0,0.0068289556923026365,0.009106353798410042,1.7696977677184653,0.31935619508330715,0.7579454310568934,0.08674828135721802,7.9979882678630245,2.7486204890983723,19.49196755121683,670.6922681382918,3067.199422203125,3737.8916903414165,quarterly,Q3
2019,11011,quarterly,2306070000000.0,950436000000.0,-2419740000000.0,2583573000000.0,13802148000000.0,14457602000000.0,7874033000000.0,12048289000000.0,4826000000.0,6349819000000.0,182672000000.0,1125640000000.0,5295835000000.0,,2240157000000.0,3543304000000.0,4261674000000.0,20151967000000.0,64789494000000.0,47943195000000.0,16846299000000.0,2244983000000.0,-3725976000000.0,-1142403000000.0,9742219000000.0,0.315096734725697,0.11116319315131867,,0.11140267349584286,61083373000000.0,45716010500000.0,,,1.8361114310798545,0.35138039924122705,0.7399840937174166,0.18596053551521793,1.9901185103585515,4.339551346268546,,19.244391081029462,34.916375697463906,54.16076677849337,quarterly,Q4
2019,11012,quarterly,1128775000000.0,1434718000000.0,-228136000000.0,-1228201000000.0,342934000000.0,14242750000000.0,7512771000000.0,10004576000000.0,-38002000000.0,-663388000000.0,143459000000.0,228943000000.0,5588705000000.0,,-728860000000.0,6208058000000.0,4802736000000.0,-320454000000.0,63032264000000.0,47710787000000.0,15321477000000.0,-766862000000.0,-6351517000000.0,-7579718000000.0,8875801000000.0,2.070150474014991,2.2744606090109656,,2.393048612281326,63910879000000.0,47826991000000.0,,,1.8958051563131633,0.3211323468631947,0.7569264369117378,0.15872150808354274,-3.183587181088743,-11.574182838633288,,-1363.8430976052725,1483.0030122414225,119.15991463615,quarterly,Q2
2019,11013,quarterly,1152257000000.0,807047000000.0,-4655347000000.0,2630762000000.0,4092455000000.0,18618236000000.0,13231722000000.0,7368400000000.0,2611595000000.0,2680200000000.0,2760031000000.0,247855000000.0,5117491000000.0,,1366490000000.0,40734672000000.0,5496813000000.0,6772655000000.0,65131501000000.0,47166007000000.0,17965494000000.0,3978085000000.0,-43494703000000.0,-40863941000000.0,6216143000000.0,0.3957384511687071,0.20176577723211947,,0.5873745229898762,64081882500000.0,47438397000000.0,,,1.4070909289055498,0.3808991929293485,0.7241658226178451,0.11313112529066388,5.513263803433459,1.562596827367942,,73.8572956986588,113.79274323114122,187.65003892980002,quarterly,Q1
2019,11014,quarterly,1203143000000.0,711015000000.0,-3147713000000.0,2497054000000.0,587738000000.0,14175499000000.0,6827424000000.0,10987211000000.0,-7370000000.0,-201173000000.0,158243000000.0,-87569000000.0,5473612000000.0,,-165069000000.0,3384150000000.0,4757987000000.0,386565000000.0,63671751000000.0,48266226000000.0,15405525000000.0,-172439000000.0,-3542393000000.0,-1045339000000.0,9784068000000.0,-0.5204118324214556,-0.42701486166621394,,-0.4460802193680235,64401626000000.0,47716116500000.0,,,2.0762587763701212,0.31917815575636677,0.758047725120674,0.1725602143405794,-1.8850163870776189,-56.73929911446947,,1120.0621292667468,847.4842395761377,1967.5463688428845,quarterly,Q3
2020,11011,quarterly,2975989000000.0,-48455000000.0,,,15804279000000.0,16570953000000.0,9072360000000.0,13215104000000.0,-102070000000.0,7967372000000.0,168531000000.0,1678869000000.0,6136318000000.0,,3712928000000.0,3047900000000.0,4931322000000.0,23771651000000.0,71173853000000.0,51909097000000.0,19264756000000.0,3610858000000.0,-3216431000000.0,,10239115000000.0,0.33516275331486234,0.15619142313674383,,0.15189765321727128,67422802000000.0,50087661500000.0,,,1.8265316852505853,0.37112485312545507,0.7293281846073445,0.18567357875089324,2.2115650476600615,2.83564598774031,,18.87754039464907,35.33251583321201,54.210056227861074,quarterly,Q4
2020,11012,quarterly,3918249000000.0,-278851000000.0,-1301757000000.0,3354484000000.0,255510000000.0,17362825000000.0,9595472000000.0,13963918000000.0,1076064000000.0,1152132000000.0,1243233000000.0,-280841000000.0,5814139000000.0,,1146414000000.0,2213173000000.0,5608420000000.0,1407642000000.0,69259297000000.0,49402876000000.0,19856421000000.0,2222478000000.0,-3456406000000.0,-101922000000.0,10045669000000.0,0.8184836769576356,0.8144215645739471,,1.5788659332415487,70216575000000.0,50655986500000.0,,,1.809481076074215,0.40192844238460934,0.7133031685262413,0.20161795751406486,4.082074910714604,4.520030794455558,,362.5681956065534,2070.708187546476,2433.276383153029,quarterly,Q2
2020,11013,quarterly,2169664000000.0,1417273000000.0,-3892512000000.0,2331545000000.0,5006819000000.0,15799759000000.0,8707249000000.0,13680764000000.0,2549486000000.0,2192073000000.0,2702552000000.0,554787000000.0,5425680000000.0,,800301000000.0,43301455000000.0,4716880000000.0,7198892000000.0,67142787000000.0,48247724000000.0,18895063000000.0,3349787000000.0,-46004007000000.0,-43672462000000.0,11511100000000.0,0.3045014427220189,0.11117002449821445,,0.46531980199175094,68201042000000.0,48825300000000.0,,,1.8145523344973826,0.39162599669986503,0.7185838740950685,0.20375627243474417,1.4425374062478031,3.4363677451730514,,59.625297893064655,98.61288774369515,158.2381856367598,quarterly,Q1
2020,11014,quarterly,2807138000000.0,-837913000000.0,-3666706000000.0,3366715000000.0,23181000000.0,17036210000000.0,8851618000000.0,13102625000000.0,-123202000000.0,-500948000000.0,86691000000.0,27596000000.0,6150544000000.0,,-647019000000.0,2736696000000.0,5475806000000.0,-477767000000.0,69267173000000.0,50499059000000.0,18768114000000.0,-770221000000.0,-2823387000000.0,543328000000.0,10295487000000.0,1.048519466601921,1.3542563634575013,,1.6121268316982964,68204980000000.0,49373391500000.0,,,1.9246436075302842,0.37165274703435563,0.7290474955575277,0.18916067211231502,-23.446115379040442,-13.366925856345127,,-1042.9735540545914,24144.752340278676,23101.778786224084,quarterly,Q3
2021,11011,quarterly,5057982000000.0,3174001000000.0,,,18071330000000.0,26870451000000.0,14769356000000.0,19473546000000.0,1524482000000.0,13121138000000.0,1767311000000.0,1195752000000.0,8916605000000.0,,8238519000000.0,11480912000000.0,8267111000000.0,31192468000000.0,96386474000000.0,62191058000000.0,34195416000000.0,9763001000000.0,-13248223000000.0,,14415564000000.0,0.4206508442999765,0.2641188571548747,,0.3129922582592695,82826823500000.0,56345058500000.0,,,1.819338026654649,0.5498445773345744,0.6452259888664461,0.2020360865156246,6.889822471549285,1.4765504991754073,,24.11822947129416,44.90046139382104,69.0186908651152,quarterly,Q4
2021,11012,quarterly,2666351000000.0,-631202000000.0,,,216587000000.0,20099557000000.0,9186924000000.0,15623447000000.0,114105000000.0,1610896000000.0,422188000000.0,-372835000000.0,6226651000000.0,,1370153000000.0,3352440000000.0,6500214000000.0,1827483000000.0,77717897000000.0,54878014000000.0,22839883000000.0,1484258000000.0,-3774628000000.0,,12957096000000.0,0.8814834392440313,0.7497486980727044,,0.8121870353923949,87052185500000.0,58534536000000.0,,,2.1878440487806365,0.41619368732986584,0.706118103015577,0.20102766033414415,3.6749580913809057,8.729679071967272,,323.6798777334727,2616.1553602016743,2939.8352379351472,quarterly,Q2
2021,11013,quarterly,2226144000000.0,1900472000000.0,,,5765640000000.0,18384877000000.0,9830992000000.0,15418171000000.0,3473051000000.0,2728548000000.0,3722652000000.0,589521000000.0,6182597000000.0,,1324421000000.0,47434001000000.0,5336152000000.0,8494188000000.0,75118008000000.0,52378589000000.0,22739419000000.0,4797472000000.0,-51156653000000.0,,13192027000000.0,0.3212252895744714,0.15592084846721074,,0.5647946572409276,76417952500000.0,53628301500000.0,,,1.8700937809734766,0.4341357687203067,0.6972840520478125,0.20525266058705924,2.24660529480714,2.7497871795812463,,57.16730451456925,97.58089769739352,154.7482022119628,quarterly,Q1
2021,11014,quarterly,2761977000000.0,49042000000.0,,,-7957000000.0,24910504000000.0,10545603000000.0,16106083000000.0,-46506000000.0,1491610000000.0,126874000000.0,57422000000.0,6600336000000.0,,1477247000000.0,3253552000000.0,7517462000000.0,1483653000000.0,83269048000000.0,58714446000000.0,24554602000000.0,1430741000000.0,-3380426000000.0,,13344106000000.0,1.00536311388175,0.9956822788077805,,0.9643366744110651,79193528000000.0,55546517500000.0,,,2.362169711869487,0.4182037585775739,0.7051172964052621,0.19342220653225192,25.726150255999443,9.326709725939216,,461.0842575723569,75484.55146411964,75945.63572169199,quarterly,Q3
2022,11011,quarterly,4977007000000.0,,,,21883492000000.0,28733332000000.0,19843696000000.0,25093543000000.0,-1996278000000.0,11755193000000.0,-1779244000000.0,3027388000000.0,15664707000000.0,,5153857000000.0,3961532000000.0,5186054000000.0,33638685000000.0,103871512000000.0,63290542000000.0,40580970000000.0,3157579000000.0,-5740776000000.0,,20116536000000.0,0.34945459372148463,0.15321220196330504,,0.09386749214483266,93570280000000.0,61002494000000.0,,,1.4479828757707234,0.6411853764816866,0.6093156899458632,0.24158253323586934,1.7024104607668393,6.370873381156892,,14.029410305426625,65.13989344113818,79.16930374656481,quarterly,Q4
2022,11012,quarterly,4546312000000.0,-919240000000.0,,,718708000000.0,29719276000000.0,16869305000000.0,21299284000000.0,59561000000.0,936640000000.0,206002000000.0,1077080000000.0,11878738000000.0,,1333002000000.0,7625754000000.0,9040032000000.0,1655348000000.0,104147622000000.0,66760160000000.0,37387462000000.0,1392563000000.0,-7831756000000.0,,16752972000000.0,0.5658266418904061,0.8052699492795473,,0.8412509031333593,104009567000000.0,65025351000000.0,,,1.7617368350385507,0.5600265487680077,0.6410147319542255,0.2045105168123762,1.2376072343744198,12.03031532505172,,496.9607067516921,1504.039412390011,2001.0001191417032,quarterly,Q2
2022,11013,quarterly,4982764000000.0,175316000000.0,,,6747914000000.0,27767761000000.0,16659247000000.0,19780348000000.0,4988923000000.0,5407739000000.0,5187073000000.0,737321000000.0,10392670000000.0,,2859615000000.0,60557489000000.0,8146418000000.0,12155653000000.0,99466056000000.0,63398639000000.0,36067417000000.0,7848538000000.0,-65744562000000.0,,14797584000000.0,0.4448744135753135,0.23524980517295122,,0.6456697965958719,101806839000000.0,65079399500000.0,,,1.6668076894471882,0.5688989159530696,0.6373896940278803,0.19886530938755628,3.878385397947434,1.8853936873338704,,60.98594933567123,140.1519002761446,201.13784961181582,quarterly,Q1
2022,11014,quarterly,4719217000000.0,846730000000.0,,,-356401000000.0,31896913000000.0,18383115000000.0,24039006000000.0,459901000000.0,-2471717000000.0,636897000000.0,249764000000.0,14664974000000.0,,-2537057000000.0,7094014000000.0,8519642000000.0,-2828118000000.0,109545800000000.0,68723186000000.0,40822614000000.0,-2077156000000.0,-7730911000000.0,,19319789000000.0,0.8739794449877976,0.8970831485814948,,0.7344658179043448,104505928000000.0,66060912500000.0,,,1.7351201360596396,0.5940151552345084,0.6273466075376691,0.21944251628086153,-10.157816979228391,-9.301077531008744,,-274.13545757284527,3744.413270445369,3470.277812872524,quarterly,Q3
2023,11011,quarterly,7587329000000.0,,,,24297122000000.0,30468100000000.0,21007810000000.0,32959972000000.0,282666000000.0,-597574000000.0,384694000000.0,4951514000000.0,13480659000000.0,,-5938352000000.0,413506000000.0,6600273000000.0,23699548000000.0,100330165000000.0,53503752000000.0,46826413000000.0,-5655686000000.0,-798200000000.0,,25372643000000.0,-0.025214573712545065,-0.2505681542956009,,-0.23864109138283987,104937982500000.0,61113469000000.0,,,1.450322522909337,0.875198677655354,0.5332768265655697,0.3285150781920871,-1.1993002544272318,-4.486218471110313,,25.34330372039163,50.48910603486289,75.83240975525453,quarterly,Q4
2023,11012,quarterly,6040810000000.0,,,,1750351000000.0,29661132000000.0,19776433000000.0,32951401000000.0,-58177000000.0,467471000000.0,38853000000.0,109624000000.0,16420200000000.0,,520218000000.0,-694035000000.0,4487069000000.0,2217822000000.0,102819007000000.0,57459050000000.0,45359957000000.0,462041000000.0,-732888000000.0,,26910591000000.0,0.2107793141198888,0.23456255731974884,,0.20833096614606583,101574586000000.0,55481401000000.0,,,1.499822136782705,0.789431029576716,0.5588368500777293,0.3204796657878635,4.745475443333577,58.24286372854357,,184.11003182401475,853.6791763480581,1037.789208172073,quarterly,Q2
2023,11013,quarterly,4894782000000.0,,,,6733410000000.0,28834021000000.0,17276137000000.0,30807714000000.0,3831198000000.0,-1645299000000.0,3995981000000.0,1202394000000.0,17182269000000.0,,-3402302000000.0,62377791000000.0,4227451000000.0,5088111000000.0,104384608000000.0,61008534000000.0,43376074000000.0,428896000000.0,-66373772000000.0,,25912932000000.0,-0.3233614596851366,-0.6686768429383715,,0.08429375852845977,103601807500000.0,59233792000000.0,,,1.6690085868154438,0.7109837125409373,0.5844590995637977,0.29513655883058926,-2.829606601496681,60.41775162277102,,75.6072422555247,232.2131697015331,307.8204119570578,quarterly,Q1
2023,11014,quarterly,7122306000000.0,,,,518284000000.0,30393967000000.0,20250122000000.0,34865618000000.0,-221120000000.0,1241954000000.0,-130251000000.0,-170365000000.0,14947895000000.0,,1090123000000.0,-1067271000000.0,5515297000000.0,1760238000000.0,102049450000000.0,55231560000000.0,46817890000000.0,869003000000.0,-1197522000000.0,,27743312000000.0,0.7055602708270131,0.6193043213474542,,0.49368494487677234,103217029000000.0,58120047000000.0,,,1.5009275993497717,0.8476655376020522,0.5412234950800813,0.3416541490424495,6.398749743198427,31.9254501998267,,285.12736743553995,2624.5426156315843,2909.669983067124,quarterly,Q3
2024,11011,quarterly,11205117000000.0,,,,25963129000000.0,42278887000000.0,24965444000000.0,26053930000000.0,92381000000.0,22656762000000.0,283837000000.0,3929361000000.0,13313937000000.0,,16437361000000.0,12796844000000.0,13019006000000.0,48619891000000.0,119855209000000.0,73915704000000.0,45939505000000.0,16529742000000.0,-13080681000000.0,,14848813000000.0,0.4659977950176811,0.33807893563562286,,0.3399790015983376,110952329500000.0,64573632000000.0,,,1.6934962983233945,0.6215121079006432,0.6167083151137803,0.21737837026340673,4.183214777160968,0.8983088181291637,,24.36717815759809,46.66495579173065,71.03213394932874,quarterly,Q4
2024,11012,quarterly,7933829000000.0,-4123234000000.0,-1977254000000.0,5659023000000.0,1291841000000.0,35683696000000.0,23354170000000.0,28389868000000.0,9939000000.0,2701819000000.0,161683000000.0,-312388000000.0,13354938000000.0,,2582507000000.0,2131374000000.0,10223675000000.0,,105624349000000.0,59830020000000.0,45794329000000.0,2592446000000.0,-2293057000000.0,3365966000000.0,20456039000000.0,,,,,112739779000000.0,66872862000000.0,,,1.5279368095719095,0.7654072153076332,0.5664415503285137,0.26878147196911956,8.26698528752705,7.8906326303421555,,,940.7499514259107,,quarterly,Q2
2024,11013,quarterly,8381395000000.0,-909670000000.0,-3797325000000.0,5356478000000.0,7634953000000.0,33026065000000.0,23401233000000.0,32736085000000.0,3829941000000.0,4794645000000.0,3935836000000.0,1625139000000.0,13844639000000.0,,2886029000000.0,56266738000000.0,7178507000000.0,,103197515000000.0,55507402000000.0,103197515000000.0,6715970000000.0,-60202574000000.0,-54846096000000.0,24354690000000.0,,,,,104410932000000.0,57668711000000.0,,,1.4112959347056628,1.8591667287905134,0.5378753742277612,0.3172177644006253,1.7758659413133278,3.626384572891183,,,165.01243020094557,,quarterly,Q1
2024,11014,quarterly,9135688000000.0,-2740836000000.0,-3616740000000.0,7759262000000.0,-525109000000.0,37078030000000.0,23031263000000.0,25006718000000.0,86586000000.0,1674920000000.0,354597000000.0,465885000000.0,13353865000000.0,,1561422000000.0,4908052000000.0,10471229000000.0,1149811000000.0,108367058000000.0,65301520000000.0,43065538000000.0,1648008000000.0,-5262649000000.0,2496613000000.0,15871030000000.0,1.456691578007168,1.3579814421674519,,1.4332859922195909,105782286500000.0,60404461000000.0,,,1.609899986813576,0.6594875280085364,0.6025956707249541,0.2307594066086024,3.3515180784957663,9.63043261925913,,828.729103304804,2314.1894635209073,3142.9185668257114,quarterly,Q3
2025,11011,quarterly,14923766000000.0,,,,28036056000000.0,69458073000000.0,37378999000000.0,25354313000000.0,95457000000.0,44661690000000.0,470639000000.0,11412712000000.0,14289390000000.0,,35822929000000.0,21228117000000.0,18199078000000.0,72697746000000.0,176107659000000.0,120666751000000.0,55440908000000.0,35918386000000.0,-21698756000000.0,,10430547000000.0,0.6143476580415574,0.4927653327793684,,0.4940783996246596,142237358500000.0,92984135500000.0,,,1.8582111575540052,0.4594547175634156,0.6851874114117887,0.1439705299813224,3.1388620864173213,0.2903957599876565,,22.780845199794776,46.380792291183894,69.16163749097868,quarterly,Q4
2025,11012,quarterly,9075311000000.0,,,,2711478000000.0,45203170000000.0,25324404000000.0,24670905000000.0,-17559000000.0,1881333000000.0,272413000000.0,1407664000000.0,13408333000000.0,,1772347000000.0,5789150000000.0,13125210000000.0,4592811000000.0,129087781000000.0,87142485000000.0,41945296000000.0,1754788000000.0,-6061563000000.0,,15595594000000.0,0.4096256083692536,0.38589591428865677,,0.3820727654588878,152597720000000.0,103904618000000.0,,,1.7849648110178624,0.48134151786008855,0.6750637769503529,0.1911172754607967,1.2590696359358484,8.887451931515374,,260.0573178386831,449.9974932490693,710.0548110877523,quarterly,Q2
2025,11013,quarterly,12558069000000.0,,,,7537150000000.0,41228190000000.0,24836401000000.0,26135423000000.0,3962700000000.0,10101991000000.0,4133165000000.0,764604000000.0,14551350000000.0,,7440504000000.0,69299522000000.0,10628589000000.0,17639141000000.0,123985470000000.0,81438753000000.0,42546717000000.0,11403204000000.0,-73432687000000.0,,13577354000000.0,0.5727031151913804,0.42181781981333444,,0.646471616730089,126536625500000.0,84290619000000.0,,,1.6599905115076858,0.5224382180802793,0.656841104042272,0.2107942406477146,9.731186339595398,1.190661326413173,,54.832692759811835,175.68614794716837,230.5188407069802,quarterly,Q1
2025,11014,quarterly,10814515000000.0,,,,171201000000.0,57139556000000.0,29769431000000.0,27030879000000.0,8804000000.0,2045776000000.0,233604000000.0,-1079982000000.0,13156389000000.0,,2170539000000.0,8704839000000.0,14312462000000.0,2216977000000.0,148435030000000.0,100006279000000.0,48428751000000.0,2179343000000.0,-8938443000000.0,,16216364000000.0,0.922777277346585,0.979053458831553,,0.9830246321905911,136210250000000.0,90722516000000.0,,,1.9194036997213686,0.48425710349647144,0.6737377221535914,0.18210579402988633,2.009791829863831,7.440941604878168,,587.4819819962047,6993.133211838715,7580.61519383492,quarterly,Q3
2026,11012,quarterly,26835986000000.0,,,,2430517000000.0,,830349000000.0,21400324000000.0,232514000000.0,24311942000000.0,689731000000.0,617420000000.0,17985706000000.0,,22932325000000.0,17508655000000.0,47821395000000.0,26742459000000.0,348862214000000.0,262693228000000.0,86168986000000.0,23164839000000.0,-18198386000000.0,,-5435662000000.0,0.9091139300241612,0.8575249194548639,,0.866219482658644,248648622000000.0,181349753500000.0,,,,0.32802134511057895,0.7529999451301997,0.06134319837802784,37.1421803634479,-0.23465140422517075,,162.72800287363253,673.395514616849,836.1235174904816,quarterly,Q2
2026,11013,quarterly,21166904000000.0,,,,10896873000000.0,106506116000000.0,40700530000000.0,21980208000000.0,4050617000000.0,41679414000000.0,4258580000000.0,3023483000000.0,15974133000000.0,,37610283000000.0,89709327000000.0,33807843000000.0,52576287000000.0,222828744000000.0,164379799000000.0,58448945000000.0,41660900000000.0,-93967907000000.0,,813304000000.0,0.7927416783920097,0.7153468825213922,,0.7923895424566593,285845479000000.0,213536513500000.0,,,2.616823810402469,0.3555725542650165,0.7376956673058301,0.09864170845032452,12.439389604638095,0.01952199784450168,,58.515233550060316,133.4002977734989,191.9155313235592,quarterly,Q1
