year,report_code,report,status,rcept_no,dart_url,message,fs_div
2010,11011,annual,not_available_via_fnlttSinglAcntAll_before_2015,,,,
2010,11012,half-year,not_available_via_fnlttSinglAcntAll_before_2015,,,,
2010,11013,quarterly-Q1,not_available_via_fnlttSinglAcntAll_before_2015,,,,
2010,11014,quarterly-Q3,not_available_via_fnlttSinglAcntAll_before_2015,,,,
2011,11011,annual,not_available_via_fnlttSinglAcntAll_before_2015,,,,
2011,11012,half-year,not_available_via_fnlttSinglAcntAll_before_2015,,,,
2011,11013,quarterly-Q1,not_available_via_fnlttSinglAcntAll_before_2015,,,,
2011,11014,quarterly-Q3,not_available_via_fnlttSinglAcntAll_before_2015,,,,
2012,11011,annual,not_available_via_fnlttSinglAcntAll_before_2015,,,,
2012,11012,half-year,not_available_via_fnlttSinglAcntAll_before_2015,,,,
2012,11013,quarterly-Q1,not_available_via_fnlttSinglAcntAll_before_2015,,,,
2012,11014,quarterly-Q3,not_available_via_fnlttSinglAcntAll_before_2015,,,,
2013,11011,annual,not_available_via_fnlttSinglAcntAll_before_2015,,,,
2013,11012,half-year,not_available_via_fnlttSinglAcntAll_before_2015,,,,
2013,11013,quarterly-Q1,not_available_via_fnlttSinglAcntAll_before_2015,,,,
2013,11014,quarterly-Q3,not_available_via_fnlttSinglAcntAll_before_2015,,,,
2014,11011,annual,not_available_via_fnlttSinglAcntAll_before_2015,,,,
2014,11012,half-year,not_available_via_fnlttSinglAcntAll_before_2015,,,,
2014,11013,quarterly-Q1,not_available_via_fnlttSinglAcntAll_before_2015,,,,
2014,11014,quarterly-Q3,not_available_via_fnlttSinglAcntAll_before_2015,,,,
2015,11011,annual,000,20160516001867,https://dart.fss.or.kr/dsaf001/main.do?rcpNo=20160516001867,정상,CFS
2015,11012,half-year,013,,,조회된 데이타가 없습니다.,OFS
2015,11013,quarterly-Q1,013,,,조회된 데이타가 없습니다.,OFS
2015,11014,quarterly-Q3,013,,,조회된 데이타가 없습니다.,OFS
2016,11011,annual,000,20170331004537,https://dart.fss.or.kr/dsaf001/main.do?rcpNo=20170331004537,정상,CFS
2016,11012,half-year,000,20160816001683,https://dart.fss.or.kr/dsaf001/main.do?rcpNo=20160816001683,정상,CFS
2016,11013,quarterly-Q1,000,20160516001896,https://dart.fss.or.kr/dsaf001/main.do?rcpNo=20160516001896,정상,CFS
2016,11014,quarterly-Q3,000,20161114001476,https://dart.fss.or.kr/dsaf001/main.do?rcpNo=20161114001476,정상,CFS
2017,11011,annual,000,20180615000111,https://dart.fss.or.kr/dsaf001/main.do?rcpNo=20180615000111,정상,CFS
2017,11012,half-year,000,20170814002182,https://dart.fss.or.kr/dsaf001/main.do?rcpNo=20170814002182,정상,CFS
2017,11013,quarterly-Q1,000,20170515003473,https://dart.fss.or.kr/dsaf001/main.do?rcpNo=20170515003473,정상,CFS
2017,11014,quarterly-Q3,000,20171114002328,https://dart.fss.or.kr/dsaf001/main.do?rcpNo=20171114002328,정상,CFS
2018,11011,annual,000,20190404002329,https://dart.fss.or.kr/dsaf001/main.do?rcpNo=20190404002329,정상,CFS
2018,11012,half-year,000,20180814001540,https://dart.fss.or.kr/dsaf001/main.do?rcpNo=20180814001540,정상,CFS
2018,11013,quarterly-Q1,000,20180515001966,https://dart.fss.or.kr/dsaf001/main.do?rcpNo=20180515001966,정상,CFS
2018,11014,quarterly-Q3,000,20181114002438,https://dart.fss.or.kr/dsaf001/main.do?rcpNo=20181114002438,정상,CFS
2019,11011,annual,000,20200330004441,https://dart.fss.or.kr/dsaf001/main.do?rcpNo=20200330004441,정상,CFS
2019,11012,half-year,000,20190814002432,https://dart.fss.or.kr/dsaf001/main.do?rcpNo=20190814002432,정상,CFS
2019,11013,quarterly-Q1,000,20190515002604,https://dart.fss.or.kr/dsaf001/main.do?rcpNo=20190515002604,정상,CFS
2019,11014,quarterly-Q3,000,20191114002661,https://dart.fss.or.kr/dsaf001/main.do?rcpNo=20191114002661,정상,CFS
2020,11011,annual,000,20210330000776,https://dart.fss.or.kr/dsaf001/main.do?rcpNo=20210330000776,정상,CFS
2020,11012,half-year,000,20200814002431,https://dart.fss.or.kr/dsaf001/main.do?rcpNo=20200814002431,정상,CFS
2020,11013,quarterly-Q1,000,20200515002346,https://dart.fss.or.kr/dsaf001/main.do?rcpNo=20200515002346,정상,CFS
2020,11014,quarterly-Q3,000,20201116001609,https://dart.fss.or.kr/dsaf001/main.do?rcpNo=20201116001609,정상,CFS
2021,11011,annual,000,20220322000590,https://dart.fss.or.kr/dsaf001/main.do?rcpNo=20220322000590,정상,CFS
2021,11012,half-year,000,20210817001301,https://dart.fss.or.kr/dsaf001/main.do?rcpNo=20210817001301,정상,CFS
2021,11013,quarterly-Q1,000,20210517000667,https://dart.fss.or.kr/dsaf001/main.do?rcpNo=20210517000667,정상,CFS
2021,11014,quarterly-Q3,000,20211115001474,https://dart.fss.or.kr/dsaf001/main.do?rcpNo=20211115001474,정상,CFS
2022,11011,annual,000,20230321001209,https://dart.fss.or.kr/dsaf001/main.do?rcpNo=20230321001209,정상,CFS
2022,11012,half-year,000,20220816001536,https://dart.fss.or.kr/dsaf001/main.do?rcpNo=20220816001536,정상,CFS
2022,11013,quarterly-Q1,000,20220516001502,https://dart.fss.or.kr/dsaf001/main.do?rcpNo=20220516001502,정상,CFS
2022,11014,quarterly-Q3,000,20221114001566,https://dart.fss.or.kr/dsaf001/main.do?rcpNo=20221114001566,정상,CFS
2023,11011,annual,000,20240319000684,https://dart.fss.or.kr/dsaf001/main.do?rcpNo=20240319000684,정상,CFS
2023,11012,half-year,000,20230814002376,https://dart.fss.or.kr/dsaf001/main.do?rcpNo=20230814002376,정상,CFS
2023,11013,quarterly-Q1,000,20230515001677,https://dart.fss.or.kr/dsaf001/main.do?rcpNo=20230515001677,정상,CFS
2023,11014,quarterly-Q3,000,20231114002574,https://dart.fss.or.kr/dsaf001/main.do?rcpNo=20231114002574,정상,CFS
2024,11011,annual,000,20250319000665,https://dart.fss.or.kr/dsaf001/main.do?rcpNo=20250319000665,정상,CFS
2024,11012,half-year,000,20240814001887,https://dart.fss.or.kr/dsaf001/main.do?rcpNo=20240814001887,정상,CFS
2024,11013,quarterly-Q1,000,20240516001638,https://dart.fss.or.kr/dsaf001/main.do?rcpNo=20240516001638,정상,CFS
2024,11014,quarterly-Q3,000,20241114001712,https://dart.fss.or.kr/dsaf001/main.do?rcpNo=20241114001712,정상,CFS
2025,11011,annual,000,20260317000635,https://dart.fss.or.kr/dsaf001/main.do?rcpNo=20260317000635,정상,CFS
2025,11012,half-year,000,20250814003049,https://dart.fss.or.kr/dsaf001/main.do?rcpNo=20250814003049,정상,CFS
2025,11013,quarterly-Q1,000,20250515002103,https://dart.fss.or.kr/dsaf001/main.do?rcpNo=20250515002103,정상,CFS
2025,11014,quarterly-Q3,000,20251114001805,https://dart.fss.or.kr/dsaf001/main.do?rcpNo=20251114001805,정상,CFS
2026,11011,annual,013,,,조회된 데이타가 없습니다.,OFS
2026,11012,half-year,000,20260814003509,https://dart.fss.or.kr/dsaf001/main.do?rcpNo=20260814003509,정상,CFS
2026,11013,quarterly-Q1,000,20260515002287,https://dart.fss.or.kr/dsaf001/main.do?rcpNo=20260515002287,정상,CFS
2026,11014,quarterly-Q3,013,,,조회된 데이타가 없습니다.,OFS
